<?xml version="1.0" encoding="UTF-8" ?>
<!DOCTYPE devices PUBLIC "-//YARP//DTD yarprobotinterface 3.0//EN" "http://www.yarp.it/DTD/yarprobotinterfaceV3.0.dtd">

<robot name="@WBD_YARP_ROBOT_NAME@" build="1" xmlns:xi="http://www.w3.org/2001/XInclude">
    <!-- controlboards -->
    <device name="torso_mc" type="remote_controlboard">
        <param name="remote"> /icubSim/torso </param>
        <param name="local"> /wholeBodyDynamics/torso </param>
    </device>

    <device name="left_arm_mc" type="remote_controlboard">
        <param name="remote"> /icubSim/left_arm </param>
        <param name="local"> /wholeBodyDynamics/left_arm </param>
    </device>

    <device name="right_arm_mc" type="remote_controlboard">
        <param name="remote"> /icubSim/right_arm </param>
        <param name="local"> /wholeBodyDynamics/right_arm </param>
    </device>

    <device name="left_leg_mc" type="remote_controlboard">
        <param name="remote"> /icubSim/left_leg </param>
        <param name="local"> /wholeBodyDynamics/left_leg </param>
    </device>

    <device name="right_leg_mc" type="remote_controlboard">
        <param name="remote"> /icubSim/right_leg </param>
        <param name="local"> /wholeBodyDynamics/right_leg </param>
    </device>

    <device name="head_mc" type="remote_controlboard">
        <param name="remote"> /icubSim/head </param>
        <param name="local"> /wholeBodyDynamics/head </param>
    </device>

    <!-- imu -->
    <device name="inertial" type="genericSensorClient">
        <param name="remote"> /icubSim/inertial </param>
        <param name="local"> /wholeBodyDynamics/imu </param>
    </device>

    <!-- six axis force torque sensors -->
    <device name="left_upper_arm_strain" type="analogsensorclient">
        <param name="remote"> /icubSim/left_arm/analog:o </param>
        <param name="local"> /wholeBodyDynamics/l_arm_ft_sensor </param>
    </device>

    <device name="right_upper_arm_strain" type="analogsensorclient">
        <param name="remote"> /icubSim/right_arm/analog:o </param>
        <param name="local"> /wholeBodyDynamics/r_arm_ft_sensor </param>
    </device>

    <device name="left_lower_leg_front_strain" type="analogsensorclient">
        <param name="remote"> /icubSim/left_foot_front/analog:o </param>
        <param name="local"> /wholeBodyDynamics/l_foot_front_ft_sensor </param>
    </device>

    <device name="left_lower_leg_rear_strain" type="analogsensorclient">
        <param name="remote"> /icubSim/left_foot_rear/analog:o </param>
        <param name="local"> /wholeBodyDynamics/l_foot_rear_ft_sensor </param>
    </device>

    <device name="right_lower_leg_front_strain" type="analogsensorclient">
        <param name="remote"> /icubSim/right_foot_front/analog:o </param>
        <param name="local"> /wholeBodyDynamics/r_foot_front_ft_sensor </param>
    </device>

    <device name="right_lower_leg_rear_strain" type="analogsensorclient">
        <param name="remote"> /icubSim/right_foot_rear/analog:o </param>
        <param name="local"> /wholeBodyDynamics/r_foot_rear_ft_sensor </param>
    </device>

    <!-- estimators -->
    <xi:include href="estimators/wholebodydynamics-external.xml" />
</robot>
