<?xml version="1.0" encoding="UTF-8" ?>
<!DOCTYPE devices PUBLIC "-//YARP//DTD yarprobotinterface 3.0//EN" "http://www.yarp.it/DTD/yarprobotinterfaceV3.0.dtd">

<robot name="@WBD_YARP_ROBOT_NAME@" build="1" xmlns:xi="http://www.w3.org/2001/XInclude">
    <!-- controlboards -->
    <device name="torso_mc" type="remote_controlboard">
        <param name="remote"> /icub/torso </param>
        <param name="local"> /wholeBodyDynamics/torso </param>
    </device>

    <device name="left_arm_mc" type="remote_controlboard">
        <param name="remote"> /icub/left_arm </param>
        <param name="local"> /wholeBodyDynamics/left_arm </param>
    </device>

    <device name="right_arm_mc" type="remote_controlboard">
        <param name="remote"> /icub/right_arm </param>
        <param name="local"> /wholeBodyDynamics/right_arm </param>
    </device>

    <device name="left_leg_mc" type="remote_controlboard">
        <param name="remote"> /icub/left_leg </param>
        <param name="local"> /wholeBodyDynamics/left_leg </param>
    </device>

    <device name="right_leg_mc" type="remote_controlboard">
        <param name="remote"> /icub/right_leg </param>
        <param name="local"> /wholeBodyDynamics/right_leg </param>
    </device>

    <device name="head_mc" type="remote_controlboard">
        <param name="remote"> /icub/head </param>
        <param name="local"> /wholeBodyDynamics/head </param>
    </device>

    <!-- virtual analog sensors -->
    <device name="torso_virtual_strain" type="virtualAnalogClient">
        <param name="remote"> /icub/joint_vsens/torso:i </param>
        <param name="local"> /wholeBodyDynamics/torso/Torques:o </param>
        <param name="AxisName"> (torso_yaw,torso_roll,torso_pitch) </param>
        <param name="virtualAnalogSensorInteger"> 4 </param>
    </device>

    <device name="left_arm_virtual_strain" type="virtualAnalogClient">
        <param name="remote"> /icub/joint_vsens/left_arm:i </param>
        <param name="local"> /wholeBodyDynamics/torso/left_arm:o </param>
        <param name="AxisName"> (l_shoulder_pitch,l_shoulder_roll,l_shoulder_yaw,l_elbow,l_wrist_prosup) </param>
        <param name="virtualAnalogSensorInteger"> 1 </param>
    </device>

    <device name="right_arm_virtual_strain" type="virtualAnalogClient">
        <param name="remote"> /icub/joint_vsens/right_arm:i </param>
        <param name="local"> /wholeBodyDynamics/right_arm/Torques:o </param>
        <param name="AxisName"> (r_shoulder_pitch,r_shoulder_roll,r_shoulder_yaw,r_elbow,r_wrist_prosup) </param>
        <param name="virtualAnalogSensorInteger"> 4 </param>
    </device>

    <device name="left_leg_virtual_strain" type="virtualAnalogClient">
        <param name="remote"> /icub/joint_vsens/left_leg:i </param>
        <param name="local"> /wholeBodyDynamics/left_leg/Torques:o </param>
        <param name="AxisName"> (l_hip_pitch,l_hip_roll,l_hip_yaw,l_knee,l_ankle_pitch,l_ankle_roll) </param>
        <param name="virtualAnalogSensorInteger"> 2 </param>
    </device>

    <device name="right_leg_virtual_strain" type="virtualAnalogClient">
        <param name="remote"> /icub/joint_vsens/right_leg:i </param>
        <param name="local"> /wholeBodyDynamics/right_leg/Torques:o </param>
        <param name="AxisName"> (r_hip_pitch,r_hip_roll,r_hip_yaw,r_knee,r_ankle_pitch,r_ankle_roll) </param>
        <param name="virtualAnalogSensorInteger"> 2 </param>
    </device>

    <!-- the head and wrist virtual analog sensor are not used in practice, so they are commented out
    <device name="head_virtual_strain" type="virtualAnalogClient">
        <param name="remote"> /icub/joint_vsens/head:i </param>
        <param name="local"> /wholeBodyDynamics/head/Torques:o </param>
        <param name="AxisName"> (neck_pitch,neck_roll,neck_yaw) </param>
        <param name="virtualAnalogSensorInteger"> 0 </param>
    </device>

    <device name="left_wrist_virtual_strain" type="virtualAnalogClient">
        <param name="remote"> /icub/joint_vsens/left_wrist:i </param>
        <param name="local"> /wholeBodyDynamics/left_wrist/Torques:o </param>
        <param name="AxisName"> (l_wrist_pitch,l_wrist_yaw) </param>
        <param name="virtualAnalogSensorInteger"> 3 </param>
    </device>

    <device name="right_wrist_virtual_strain" type="virtualAnalogClient">
        <param name="remote"> /icub/joint_vsens/right_wrist:i </param>
        <param name="local"> /wholeBodyDynamics/right_wrist/Torques:o </param>
        <param name="AxisName"> (l_wrist_pitch,l_wrist_yaw) </param>
        <param name="virtualAnalogSensorInteger"> 3 </param>
    </device>
    -->

    <!-- imu -->
    <device name="inertial" type="genericSensorClient">
        <param name="remote"> /icub/inertial </param>
        <param name="local"> /wholeBodyDynamics/imu </param>
    </device>

    <!-- six axis force torque sensors -->
    <device name="left_upper_arm_strain" type="analogsensorclient">
        <param name="remote"> /icub/left_arm/analog:o </param>
        <param name="local"> /wholeBodyDynamics/l_arm_ft_sensor </param>
    </device>

    <device name="right_upper_arm_strain" type="analogsensorclient">
        <param name="remote"> /icub/right_arm/analog:o </param>
        <param name="local"> /wholeBodyDynamics/r_arm_ft_sensor </param>
    </device>

    <device name="left_upper_leg_strain" type="analogsensorclient">
        <param name="remote"> /icub/left_leg/analog:o </param>
        <param name="local"> /wholeBodyDynamics/l_leg_ft_sensor </param>
    </device>

    <device name="right_upper_leg_strain" type="analogsensorclient">
        <param name="remote"> /icub/right_leg/analog:o </param>
        <param name="local"> /wholeBodyDynamics/r_leg_ft_sensor </param>
    </device>

    <device name="left_lower_leg_strain" type="analogsensorclient">
        <param name="remote"> /icub/left_foot/analog:o </param>
        <param name="local"> /wholeBodyDynamics/l_foot_ft_sensor </param>
    </device>

    <device name="right_lower_leg_strain" type="analogsensorclient">
        <param name="remote"> /icub/right_foot/analog:o </param>
        <param name="local"> /wholeBodyDynamics/r_foot_ft_sensor </param>
    </device>

    <!-- estimators -->
    <xi:include href="estimators/wholebodydynamics-external.xml" />
</robot>
