<!--
  Copyright (C) 2019 Istituto Italiano di Tecnologia (IIT)
  All rights reserved.

  This software may be modified and distributed under the terms of the
  GNU Lesser General Public License v2.1 or any later version.
 -->
<?xml version="1.0" encoding="UTF-8" ?>
<!DOCTYPE robot PUBLIC "-//YARP//DTD yarprobotinterface 3.0//EN" "http://www.yarp.it/DTD/yarprobotinterfaceV3.0.dtd">
<robot name="iCubGenova04" portprefix="baseestimation" build="1"  xmlns:xi="http://www.w3.org/2001/XInclude">

    <!-- open remote control board remapper -->
    <device name="all_joints_mc" type="remotecontrolboardremapper">
        <param name="remoteControlBoards">("/icub/head", "/icub/torso", "/icub/left_arm", "/icub/right_arm", "/icub/left_leg", "/icub/right_leg")</param>
        <param name="axesNames">("neck_pitch", "neck_roll", "neck_yaw", "torso_pitch", "torso_roll", "torso_yaw", "l_shoulder_pitch", "l_shoulder_roll", "l_shoulder_yaw", "l_elbow", "r_shoulder_pitch", "r_shoulder_roll", "r_shoulder_yaw", "r_elbow", "l_hip_pitch", "l_hip_roll", "l_hip_yaw", "l_knee", "l_ankle_pitch", "l_ankle_roll", "r_hip_pitch", "r_hip_roll", "r_hip_yaw", "r_knee", "r_ankle_pitch", "r_ankle_roll")</param>
        <param name="localPortPrefix">/baseestimation</param>
    </device>

    <!-- open head imu -->
   <device name="inertial" type="genericSensorClient">
        <param name="remote">/icub/inertial</param>
        <param name="local">/baseestimation/head/imu:i</param>
    </device>

    <!-- open root link imu -->
<!--
    <device name="xsens_inertial" type="genericSensorClient">
        <param name="remote">/icub/xsens_inertial</param>
        <param name="local">/baseestimation/waist/imu:i</param>
    </device>
    -->

    <!-- open FT sens -->
    <device name="left_upper_arm_strain" type="analogsensorclient">
        <param name="remote"> /icub/left_arm/analog:o </param>
        <param name="local"> /baseestimation/l_arm_ft_sensor </param>
    </device>

    <device name="right_upper_arm_strain" type="analogsensorclient">
        <param name="remote"> /icub/right_arm/analog:o </param>
        <param name="local"> /baseestimation/r_arm_ft_sensor </param>
    </device>

    <device name="left_upper_leg_strain" type="analogsensorclient">
        <param name="remote"> /icub/left_leg/analog:o </param>
        <param name="local"> /baseestimation/l_leg_ft_sensor </param>
    </device>

    <device name="right_upper_leg_strain" type="analogsensorclient">
        <param name="remote"> /icub/right_leg/analog:o </param>
        <param name="local"> /baseestimation/r_leg_ft_sensor </param>
    </device>

    <device name="left_lower_leg_strain" type="analogsensorclient">
        <param name="remote">/icub/left_foot/analog:o</param>
        <param name="local">/baseestimation/l_foot_ft_sensor:i</param>
    </device>

    <device name="right_lower_leg_strain" type="analogsensorclient">
        <param name="remote">/icub/right_foot/analog:o</param>
        <param name="local">/baseestimation/r_foot_ft_sensor:i</param>
    </device>

    <!-- open transform server -->
    <device name="transformServer" type="transformServer" >
        <group name="ROS">
            <param name="enable_ros_publisher">true</param>
           <param name="enable_ros_subscriber">true</param>
        </group>
        <param name="transforms_lifetime">0.2</param>
    </device>

    <xi:include href="estimators/fbe-analogsens.xml" />
</robot>
