<!--
  Copyright (C) 2019 Istituto Italiano di Tecnologia (IIT)
  All rights reserved.
 
  This software may be modified and distributed under the terms of the
  GNU Lesser General Public License v2.1 or any later version.
 -->
<?xml version="1.0" encoding="UTF-8" ?>
<portscope rows="3" columns="2" carrier="mcast">
  <plot gridx="0"
        gridy="0"
        hspan="1"
        vspan="1"
        title="Gazebo x(red) vs FBE x(green) vs Walking x(blue)"
        size="200"
        minval="-2"
        maxval="2"
        bgcolor="white">

    <graph remote="/icubSim/floating_base/state:o"
           index="6"
           color="Red"
           title="Gazebo x"
           type="lines"
           size="3" />

    <graph remote="/base-estimator/floating_base/state:o"
           index="6"
           color="Green"
           title="FBE x"
           type="lines"
           size="3" />

    <graph remote="/walking-coordinator/floating_base:o"
           index="6"
           color="Blue"
           title="walking x"
           type="lines"
           size="3" />

  </plot>

  <plot gridx="0"
        gridy="1"
        hspan="1"
        vspan="1"
        title="Gazebo y(red) vs FBE y(green) vs Walking y(blue)"
        size="200"
        minval="-2"
        maxval="2"
        bgcolor="white">

    <graph remote="/icubSim/floating_base/state:o"
           index="7"
           color="Red"
           title="Gazebo y"
           type="lines"
           size="3" />

    <graph remote="/base-estimator/floating_base/state:o"
           index="7"
           color="Green"
           title="FBE y"
           type="lines"
           size="3" />
    <graph remote="/walking-coordinator/floating_base:o"
           index="7"
           color="Blue"
           title="walking y"
           type="lines"
           size="3" />

  </plot>

  <plot gridx="0"
        gridy="2"
        hspan="1"
        vspan="1"
        title="Gazebo z(red) vs FBE z(green) vs Walking z(blue)"
        size="200"
        minval="-2"
        maxval="2"
        bgcolor="white">

    <graph remote="/icubSim/floating_base/state:o"
           index="8"
           color="Red"
           title="Gazebo z"
           type="lines"
           size="3" />

    <graph remote="/base-estimator/floating_base/state:o"
           index="8"
           color="Green"
           title="FBE z"
           type="lines"
           size="3" />


    <graph remote="/walking-coordinator/floating_base:o"
           index="8"
           color="Blue"
           title="walking z"
           type="lines"
           size="3" />

  </plot>

  <!-- rpy -->

  <plot gridx="1"
        gridy="0"
        hspan="1"
        vspan="1"
        title="Gazebo roll(red) vs FBE roll(green) vs Walking roll(blue)"
        size="200"
        minval="-2"
        maxval="18"
        bgcolor="white">

    <graph remote="/icubSim/floating_base/state:o"
           index="9"
           color="Red"
           title="Gazebo roll"
           type="lines"
           size="3" />

    <graph remote="/base-estimator/floating_base/state:o"
           index="9"
           color="Green"
           title="FBE roll"
           type="lines"
           size="3" />


    <graph remote="/walking-coordinator/floating_base:o"
           index="9"
           color="Blue"
           title="walking x"
           type="lines"
           size="3" />

  </plot>

  <plot gridx="1"
        gridy="1"
        hspan="1"
        vspan="1"
        title="Gazebo pitch(red) vs FBE pitch(green) vs Walking pitch(blue)"
        size="200"
        minval="-2"
        maxval="18"
        bgcolor="white">

    <graph remote="/icubSim/floating_base/state:o"
           index="10"
           color="Red"
           title="Gazebo pitch"
           type="lines"
           size="3" />

    <graph remote="/base-estimator/floating_base/state:o"
           index="10"
           color="Green"
           title="FBE pitch"
           type="lines"
           size="3" />


    <graph remote="/walking-coordinator/floating_base:o"
           index="10"
           color="Blue"
           title="walking x"
           type="lines"
           size="3" />

  </plot>

  <plot gridx="1"
        gridy="2"
        hspan="1"
        vspan="1"
        title="Gazebo yaw(red) vs FBE yaw(green) vs Walking yaw(blue)"
        size="200"
        minval="-2"
        maxval="18"
        bgcolor="white">

    <graph remote="/icubSim/floating_base/state:o"
           index="11"
           color="Red"
           title="Gazebo yaw"
           type="lines"
           size="3" />

    <graph remote="/base-estimator/floating_base/state:o"
           index="11"
           color="Green"
           title="FBE yaw"
           type="lines"
           size="3" />

    <graph remote="/walking-coordinator/floating_base:o"
           index="11"
           color="Blue"
           title="walking x"
           type="lines"
           size="3" />

  </plot>

</portscope>

