<!--
  Copyright (C) 2019 Istituto Italiano di Tecnologia (IIT)
  All rights reserved.
 
  This software may be modified and distributed under the terms of the
  GNU Lesser General Public License v2.1 or any later version.
 -->
<?xml version="1.0" encoding="UTF-8" ?>
<portscope rows="3" columns="2" carrier="mcast">
        <plot gridx="0"
              gridy="0"
              hspan="1"
              vspan="1"
              title="Gazebo x(red) vs FBE x(green)"
              size="200"
              minval="-2"
              maxval="2"
              bgcolor="white">
              
            <graph remote="/icubSim/floating_base/state:o"
                   index="0"
                   color="Red"
                   title="Gazebo x"
                   type="lines"
                   size="3" />

           <graph remote="/base-estimator/floating_base/state:o"
                   index="0"
                   color="Green"
                   title="FBE x"
                   type="lines"
                   size="3" />              

         </plot>
         
         <plot gridx="0"
              gridy="1"
              hspan="1"
              vspan="1"
              title="Gazebo y(red) vs FBE y(green)"
              size="200"
              minval="-2"
              maxval="2"
              bgcolor="white">
              
            <graph remote="/icubSim/floating_base/state:o"
                   index="1"
                   color="Red"
                   title="Gazebo y"
                   type="lines"
                   size="3" />

           <graph remote="/base-estimator/floating_base/state:o"
                   index="1"
                   color="Green"
                   title="FBE y"
                   type="lines"
                   size="3" />              

         </plot>
         
         <plot gridx="0"
              gridy="2"
              hspan="1"
              vspan="1"
              title="Gazebo z(red) vs FBE z(green)"
              size="200"
              minval="-2"
              maxval="2"
              bgcolor="white">
              
            <graph remote="/icubSim/floating_base/state:o"
                   index="2"
                   color="Red"
                   title="Gazebo z"
                   type="lines"
                   size="3" />

           <graph remote="/base-estimator/floating_base/state:o"
                   index="2"
                   color="Green"
                   title="FBE z"
                   type="lines"
                   size="3" />              

         </plot>
         
 <!-- rpy -->        
         
         <plot gridx="1"
              gridy="0"
              hspan="1"
              vspan="1"
              title="Gazebo roll(red) vs FBE roll(green)"
              size="200"
              minval="-2"
              maxval="18"
              bgcolor="white">
              
            <graph remote="/icubSim/floating_base/state:o"
                   index="3"
                   color="Red"
                   title="Gazebo roll"
                   type="lines"
                   size="3" />

           <graph remote="/base-estimator/floating_base/state:o"
                   index="3"
                   color="Green"
                   title="FBE roll"
                   type="lines"
                   size="3" />              

         </plot>
         
         <plot gridx="1"
              gridy="1"
              hspan="1"
              vspan="1"
              title="Gazebo pitch(red) vs FBE pitch(green)"
              size="200"
              minval="-2"
              maxval="18"
              bgcolor="white">
              
            <graph remote="/icubSim/floating_base/state:o"
                   index="4"
                   color="Red"
                   title="Gazebo pitch"
                   type="lines"
                   size="3" />

           <graph remote="/base-estimator/floating_base/state:o"
                   index="4"
                   color="Green"
                   title="FBE pitch"
                   type="lines"
                   size="3" />              

         </plot>
         
         <plot gridx="1"
              gridy="2"
              hspan="1"
              vspan="1"
              title="Gazebo yaw(red) vs FBE yaw(green)"
              size="200"
              minval="-2"
              maxval="18"
              bgcolor="white">
              
            <graph remote="/icubSim/floating_base/state:o"
                   index="5"
                   color="Red"
                   title="Gazebo yaw"
                   type="lines"
                   size="3" />

           <graph remote="/base-estimator/floating_base/state:o"
                   index="5"
                   color="Green"
                   title="FBE yaw"
                   type="lines"
                   size="3" />              

         </plot>
                       
</portscope>

