<!--
  Copyright (C) 2019 Istituto Italiano di Tecnologia (IIT)
  All rights reserved.
 
  This software may be modified and distributed under the terms of the
  GNU Lesser General Public License v2.1 or any later version.
 -->
<?xml version="1.0" encoding="UTF-8" ?>
<portscope rows="3" columns="1" carrier="mcast">
        <plot gridx="0"
              gridy="0"
              hspan="1"
              vspan="1"
              title="Roll Gazebo inertial(red) vs Quaternion EKF (green)"
              size="200"
              minval="-2"
              maxval="18"
              bgcolor="white">
              
            <graph remote="/icubSim/waist/inertial"
                   index="0"
                   color="Red"
                   title="Gazebo roll"
                   type="lines"
                   size="3" />
           
           <graph remote="/base-estimator/mahony_state/state:o"
                   index="0"
                   color="Blue"
                   title="Mahony roll"
                   type="lines"
                   size="3" />       
           <graph remote="/base-estimator/qekf/state:o"
                   index="0"
                   color="Green"
                   title="QEKF roll"
                   type="lines"
                   size="3" />              
         </plot>
        <plot gridx="0"
              gridy="1"
              hspan="1"
              vspan="1"
              title="Pitch Gazebo inertial(red) vs Mahony filter(blue) vs Quaternion EKF (green)"
              size="200"
              minval="-2"
              maxval="18"
              bgcolor="white">
              
            <graph remote="/icubSim/waist/inertial"
                   index="1"
                   color="Red"
                   title="Gazebo pitch"
                   type="lines"
                   size="3" />
           
          <graph remote="/base-estimator/mahony_state/state:o"
                   index="1"
                   color="Blue"
                   title="Mahony pitch"
                   type="lines"
                   size="3" /> 
           <graph remote="/base-estimator/qekf/state:o"
                   index="1"
                   color="Green"
                   title="QEKF pitch"
                   type="lines"
                   size="3" />                   
         </plot>
      
         <plot gridx="0"
              gridy="2"
              hspan="1"
              vspan="1"
              title="Yaw Gazebo inertial(red) vs Mahony filter(blue) vs Quaternion EKF (green)"
              size="200"
              minval="-2"
              maxval="18"
              bgcolor="white">
              
            <graph remote="/icubSim/waist/inertial"
                   index="2"
                   color="Red"
                   title="Gazebo yaw"
                   type="lines"
                   size="3" />
    
           <graph remote="/base-estimator/mahony_state/state:o"
                   index="2"
                   color="Blue"
                   title="Mahony yaw"
                   type="lines"
                   size="3" />  
          <graph remote="/base-estimator/qekf/state:o"
                   index="2"
                   color="Green"
                   title="QEKF yaw"
                   type="lines"
                   size="3" />                 
         </plot>
                       
</portscope>

